INSERT INTO GOST_CFG_BS_SET_32484_3
(Grid_Item_Number, Grid_Item_Name, Grid_Item_Type, Controller, Dimension, NoUnitConversion, AltDataSource, ValueList, RelationField, OnFeatures, OffFeatures, OrderBy, ParameterID)
VALUES(1, 'Size', 'STRING_COMBO', 1, '', 0, '', '{[Size]}', '', '', '', '', '501'),
(2, 'Length', 'NUMERIC_COMBO', 0, 'Bl@BoltBody', 0, '+DATA_BS_SET_32484_3_LENGTHS', '{[Bl]}', '[Size=Controller@Size]', '', '', 'CDBL(Bl)', '24'),
(3, '', 'Hidden', 0, 'Blg@Notocut', 0, '+DATA_BS_SET_32484_3_LENGTHS', '{[Blg]}', '[Size=Controller@Size][Bl=<Grid2>]', '', '', '', ''),
(4, 'Package thickness', 'NUMERIC_COMBO', 0, 'PckgThk@NutPlane', 0, '+DATA_BS_SET_32484_3_LENGTHS_PACKAGE', '{[PckgThk]}', '[Size=Controller@Size][Bl=<Grid2>][Blg=<Grid3>]', '', '', 'CDBL(PckgThk)', ''),
(5, 'Type', 'STRING_COMBO', 0, 'SUPPRESSION', 0, '+DATA_BS_SET_32484_3_DISPLAY', '{[Description]}', '', '[OnFeatures]', '[OffFeatures]', '', ''),
(6, 'Strenght Class', 'STRING_COMBO', 0, '', 0, '+DATA_BS_SET_DURAB', '{[StrClass]}', '', '', '', '', ''),
(7, 'Cover Type', 'STRING_COMBO', 0, '', 0, '+DATA_BS_SET_COVER', '{[CoverType]}', '', '', '', '', ''),
(8, '', 'Hidden', 0, '', 0, '+DATA_BS_SET_COVER', '{[CoverKey]}', '[CoverType=<Grid7>]', '', '', '', ''),
(9, 'Cover Selection', 'STRING_COMBO', 0, '', 0, '+DATA_BS_SET_COVERDESC', '{[CoverDescForUser]}', '[CoverKey=<Grid8>]', '', '', '', ''),
(10, 'Climatic Type', 'STRING_COMBO', 0, '', 0, '+DATA_BS_SET_CLIMATIC', '{[ClimType]}', '', '', '', '', ''),
(11, 'Climatic Desc', 'Hidden', 0, '', 0, '+DATA_BS_SET_CLIMATIC', '{[ClimDesc]}', '[ClimType=<Grid10>]', '', '', '', ''),
(12, '', 'Hidden', 0, '', 0, '+DATA_BS_SET_COVERDESC', '{[CoverDesc]}', '[CoverKey=<Grid8>]', '', '', '', ''),
(13, '', 'Hidden', 0, '', 0, '+DATA_BS_SET_DURAB', '{[StrClassForFilename]}', '[StrClass=<Grid6>]', '', '', '', ''),
(100, '', 'Hidden', 0, 'Bk@BoltHead', 0, '', '{[Bk]}', '[Size=Controller@Size]', '', '', '', ''),
(101, '', 'Hidden', 0, 'Bs@BoltHeadSk', 0, '', '{[Bs]}', '[Size=Controller@Size]', '', '', '', ''),
(102, '', 'Hidden', 0, 'Bdw@UnBoltHeadSk', 0, '', '{[Bdw]}', '[Size=Controller@Size]', '', '', '', ''),
(103, '', 'Hidden', 0, 'Bd@BoltBodySk', 0, '', '{[Bd]}', '[Size=Controller@Size]', '', '', '', ''),
(104, '', 'Hidden', 0, 'Nm@NutHead', 0, '', '{[Nm]}', '[Size=Controller@Size]', '', '', '', ''),
(105, '', 'Hidden', 0, 'Ns@NutHeadSk', 0, '', '{[Ns]}', '[Size=Controller@Size]', '', '', '', ''),
(106, '', 'Hidden', 0, 'Ndw@UnNutHeadSk', 0, '', '{[Ndw]}', '[Size=Controller@Size]', '', '', '', ''),
(107, '', 'Hidden', 0, 'Bdr@BoltThrd', 0, '', '{[Bdk]}', '[Size=Controller@Size]', '', '', '', ''),
(900, '', 'Hidden', 0, '', 0, '', '{<Grid1>х<Grid2>-<Grid13>-HR<Grid12><Grid11> <Grid5> H=<Grid4>}', '', '', '', '', ''),
(998, 'Comment', 'Hidden', 0, '', 0, '', '', '', '', '', '', ''),
(999, 'Configuration Name', 'Hidden', 0, '', 0, '', '{Болтокомлект ГОСТ 32484.3-<Grid900>}', '', '', '', '', ''),
(1000, 'Base_name', 'Hidden', 0, '', 0, '', '{High-strength structural bolting assemblies for preloading 32484.3}', '', '', '', '', '');
INSERT INTO GOST_DATA_BS_SET_32484_3_DISPLAY
("STYLE", ABBREV, OnFeatures, OffFeatures, IspCode, Description, enabled, "key")
VALUES('All', '1', 'NutHeadChamferMirror', 'UNNutHead,UnNutHeadSk', '1', 'Тип 1', 1, 1),
('All', '2', 'UNNutHead,UnNutHeadSk', 'NutHeadChamferMirror', '2', 'Тип 2', 1, 2);
INSERT INTO GOST_DATA_BS_SET_32484_3_LENGTHS
("Size", Bl, Blg, enabled, "key")
VALUES('M12', '35', '11.25', 1, 1),
('M12', '40', '11.25', 1, 2),
('M12', '45', '15', 1, 3),
('M12', '50', '20', 1, 4),
('M12', '55', '25', 1, 5),
('M12', '60', '30', 1, 6),
('M12', '65', '35', 1, 7),
('M12', '70', '40', 1, 8),
('M12', '75', '45', 1, 9),
('M12', '80', '50', 1, 10),
('M12', '85', '55', 1, 11),
('M12', '90', '60', 1, 12),
('M12', '95', '65', 1, 13),
('M12', '100', '70', 1, 14),
('M14', '50', '13', 1, 15),
('M14', '55', '21', 1, 16),
('M14', '60', '26', 1, 17),
('M14', '65', '31', 1, 18),
('M14', '70', '36', 1, 19),
('M14', '75', '41', 1, 20),
('M14', '80', '46', 1, 21),
('M14', '85', '51', 1, 22),
('M14', '90', '56', 1, 23),
('M14', '95', '61', 1, 24),
('M14', '100', '66', 1, 25),
('M14', '110', '76', 1, 26),
('M14', '120', '86', 1, 27),
('M14', '130', '90', 1, 28),
('M14', '140', '100', 1, 29),
('M14', '150', '110', 1, 30),
('M14', '160', '120', 1, 31),
('M14', '130', '90', 1, 28),
('M14', '130', '90', 1, 28),
('M14', '130', '90', 1, 28),
('M16', '55', '14', 1, 35),
('M16', '60', '22', 1, 36),
('M16', '65', '27', 1, 37),
('M16', '70', '32', 1, 38),
('M16', '75', '37', 1, 39),
('M16', '80', '42', 1, 40),
('M16', '85', '47', 1, 41),
('M16', '90', '52', 1, 42),
('M16', '95', '57', 1, 43),
('M16', '100', '62', 1, 44),
('M16', '110', '72', 1, 45),
('M16', '120', '82', 1, 46),
('M16', '130', '86', 1, 47),
('M16', '140', '96', 1, 48),
('M16', '150', '106', 1, 49),
('M18', '60', '16.5', 1, 50),
('M18', '65', '23', 1, 51),
('M18', '70', '28', 1, 52),
('M18', '75', '33', 1, 53),
('M18', '80', '38', 1, 54),
('M18', '85', '43', 1, 55),
('M18', '90', '48', 1, 56),
('M18', '95', '53', 1, 57),
('M18', '100', '58', 1, 58),
('M18', '110', '68', 1, 59),
('M18', '120', '78', 1, 60),
('M18', '130', '82', 1, 61),
('M18', '140', '92', 1, 62),
('M18', '150', '102', 1, 63),
('M18', '160', '112', 1, 64),
('M20', '45', '17.5', 1, 65),
('M20', '50', '17.5', 1, 66),
('M20', '55', '17.5', 1, 67),
('M20', '60', '17.5', 1, 68),
('M20', '65', '17.5', 1, 69),
('M20', '70', '24', 1, 70),
('M20', '75', '29', 1, 71),
('M20', '80', '34', 1, 72),
('M20', '85', '39', 1, 73),
('M20', '90', '44', 1, 74),
('M20', '95', '49', 1, 75),
('M20', '100', '54', 1, 76),
('M20', '110', '64', 1, 77),
('M20', '120', '74', 1, 78),
('M20', '130', '78', 1, 79),
('M20', '140', '88', 1, 80),
('M20', '150', '98', 1, 81);
INSERT INTO GOST_DATA_BS_SET_32484_3_LENGTHS_PACKAGE ("Size",Bl,Blg,PckgThk,enabled,"key")
VALUES('M12','35','11.25','12',1,1),
('M12','35','11.25','13',1,2),
('M12','35','11.25','14',1,3),
('M12','35','11.25','15',1,4),
('M12','35','11.25','16',1,5),
('M12','35','11.25','17',1,6),
('M12','35','11.25','18',1,7),
('M12','35','11.25','19',1,8),
('M12','35','11.25','20',1,9),
('M12','35','11.25','21',1,10),
('M12','40','11.25','12',1,11),
('M12','40','11.25','13',1,12),
('M12','40','11.25','14',1,13),
('M12','40','11.25','15',1,14),
(
'M12','40','11.25','16',1,15),
(
'M12','40','11.25','17',1,16),
(
'M12','40','11.25','18',1,17),
(
'M12','40','11.25','19',1,18),
(
'M12','40','11.25','20',1,19),
(
'M12','40','11.25','21',1,20),
(
'M12','40','11.25','22',1,21),
(
'M12','40','11.25','24',1,22),
(
'M12','40','11.25','25',1,23),
(
'M12','40','11.25','26',1,24),
(
'M12','45','15','15',1,25),
(
'M12','45','15','16',1,26),
(
'M12','45','15','17',1,27),
(
'M12','45','15','18',1,28),
(
'M12','45','15','19',1,29),
(
'M12','45','15','20',1,30),
(
'M12','45','15','21',1,31),
(
'M12','45','15','22',1,32),
(
'M12','45','15','23',1,33),
(
'M12','45','15','24',1,34),
(
'M12','45','15','25',1,35),
(
'M12','45','15','26',1,36),
(
'M12','45','15','27',1,37),
(
'M12','45','15','28',1,38),
(
'M12','45','15','29',1,39),
(
'M12','45','15','30',1,40),
(
'M12','45','15','31',1,41),
(
'M12','50','20','20',1,42),
(
'M12','50','20','21',1,43),
(
'M12','50','20','22',1,44),
(
'M12','50','20','23',1,45),
(
'M12','50','20','24',1,46),
(
'M12','50','20','25',1,47),
(
'M12','50','20','26',1,48),
(
'M12','50','20','27',1,49),
(
'M12','50','20','28',1,50),
(
'M12','50','20','29',1,51),
(
'M12','50','20','30',1,52),
(
'M12','50','20','31',1,53),
(
'M12','50','20','32',1,54),
(
'M12','50','20','33',1,55),
(
'M12','50','20','34',1,56),
(
'M12','50','20','35',1,57),
(
'M12','50','20','36',1,58),
(
'M12','55','25','25',1,59),
(
'M12','55','25','26',1,60),
(
'M12','55','25','27',1,61),
(
'M12','55','25','28',1,62),
(
'M12','55','25','29',1,63),
(
'M12','55','25','30',1,64),
(
'M12','55','25','31',1,65),
(
'M12','55','25','32',1,66),
(
'M12','55','25','33',1,67),
(
'M12','55','25','34',1,68),
(
'M12','55','25','35',1,69),
(
'M12','55','25','36',1,70),
(
'M12','55','25','37',1,71),
(
'M12','55','25','38',1,72),
(
'M12','55','25','39',1,73),
(
'M12','55','25','40',1,74),
(
'M12','55','25','41',1,75),
(
'M12','60','30','30',1,76),
(
'M12','60','30','31',1,77),
(
'M12','60','30','32',1,78),
(
'M12','60','30','33',1,79),
(
'M12','60','30','34',1,80),
(
'M12','60','30','35',1,81),
(
'M12','60','30','36',1,82),
(
'M12','60','30','37',1,83),
(
'M12','60','30','38',1,84),
(
'M12','60','30','39',1,85),
(
'M12','60','30','40',1,86),
(
'M12','60','30','41',1,87),
(
'M12','60','30','42',1,88),
(
'M12','60','30','43',1,89),
(
'M12','60','30','44',1,90),
(
'M12','60','30','45',1,91),
(
'M12','60','30','46',1,92),
(
'M12','60','30','47',1,93),
(
'M12','60','30','48',1,94),
(
'M12','60','30','49',1,95),
(
'M12','65','35','35',1,96),
(
'M12','65','35','36',1,97),
(
'M12','65','35','37',1,98),
(
'M12','65','35','38',1,99),
(
'M12','65','35','39',1,100),
(
'M12','65','35','40',1,101),
(
'M12','65','35','41',1,102),
(
'M12','65','35','42',1,103),
(
'M12','65','35','43',1,104),
(
'M12','65','35','44',1,105),
(
'M12','65','35','45',1,106),
(
'M12','65','35','46',1,107),
(
'M12','65','35','47',1,108),
(
'M12','65','35','48',1,109),
(
'M12','65','35','49',1,110),
(
'M12','65','35','50',1,111),
(
'M12','65','35','51',1,112),
(
'M12','70','40','40',1,113),
(
'M12','70','40','41',1,114),
(
'M12','70','40','42',1,115),
(
'M12','70','40','43',1,116),
(
'M12','70','40','44',1,117),
(
'M12','70','40','45',1,118),
(
'M12','70','40','46',1,119),
(
'M12','70','40','47',1,120),
(
'M12','70','40','48',1,121),
(
'M12','70','40','49',1,122),
(
'M12','70','40','50',1,123),
(
'M12','70','40','51',1,124),
(
'M12','70','40','52',1,125),
(
'M12','70','40','53',1,126),
(
'M12','70','40','54',1,127),
(
'M12','70','40','55',1,128),
(
'M12','70','40','56',1,129),
(
'M12','75','45','45',1,130),
(
'M12','75','45','46',1,131),
(
'M12','75','45','47',1,132),
(
'M12','75','45','48',1,133),
(
'M12','75','45','49',1,134),
(
'M12','75','45','50',1,135),
(
'M12','75','45','51',1,136),
(
'M12','75','45','52',1,137),
(
'M12','75','45','53',1,138),
(
'M12','75','45','54',1,139),
(
'M12','75','45','55',1,140),
(
'M12','75','45','56',1,141),
(
'M12','75','45','57',1,142),
(
'M12','75','45','58',1,143),
(
'M12','75','45','59',1,144),
(
'M12','75','45','60',1,145),
(
'M12','75','45','61',1,146),
(
'M12','80','50','50',1,147),
(
'M12','80','50','51',1,148),
(
'M12','80','50','52',1,149),
(
'M12','80','50','53',1,150),
(
'M12','80','50','54',1,151),
(
'M12','80','50','55',1,152),
(
'M12','80','50','56',1,153),
(
'M12','80','50','57',1,154),
(
'M12','80','50','58',1,155),
(
'M12','80','50','59',1,156),
(
'M12','80','50','60',1,157),
(
'M12','80','50','61',1,158),
(
'M12','80','50','62',1,159),
(
'M12','80','50','63',1,160),
(
'M12','80','50','64',1,161),
(
'M12','80','50','65',1,162),
(
'M12','80','50','66',1,163),
(
'M12','85','55','55',1,164),
(
'M12','85','55','56',1,165),
(
'M12','85','55','57',1,166),
(
'M12','85','55','58',1,167),
(
'M12','85','55','59',1,168),
(
'M12','85','55','60',1,169),
(
'M12','85','55','61',1,170),
(
'M12','85','55','62',1,171),
(
'M12','85','55','63',1,172),
(
'M12','85','55','64',1,173),
(
'M12','85','55','65',1,174),
(
'M12','85','55','66',1,175),
(
'M12','85','55','67',1,176),
(
'M12','85','55','68',1,177),
(
'M12','85','55','69',1,178),
(
'M12','85','55','70',1,179),
(
'M12','85','55','71',1,180),
(
'M12','90','60','60',1,181),
(
'M12','90','60','61',1,182),
(
'M12','90','60','62',1,183),
(
'M12','90','60','63',1,184),
(
'M12','90','60','64',1,185),
(
'M12','90','60','65',1,186),
(
'M12','90','60','66',1,187),
(
'M12','90','60','67',1,188),
(
'M12','90','60','68',1,189),
(
'M12','90','60','69',1,190),
(
'M12','90','60','70',1,191),
(
'M12','90','60','71',1,192),
(
'M12','90','60','72',1,193),
(
'M12','90','60','73',1,194),
(
'M12','90','60','74',1,195),
(
'M12','90','60','75',1,196),
(
'M12','90','60','76',1,197),
(
'M12','95','65','65',1,198),
(
'M12','95','65','66',1,199),
(
'M12','95','65','67',1,200),
(
'M12','95','65','68',1,201),
(
'M12','95','65','69',1,202),
(
'M12','95','65','70',1,203),
(
'M12','95','65','71',1,204),
(
'M12','95','65','72',1,205),
(
'M12','95','65','73',1,206),
(
'M12','95','65','74',1,207),
(
'M12','95','65','75',1,208),
(
'M12','95','65','76',1,209),
(
'M12','95','65','77',1,210),
(
'M12','95','65','78',1,211),
(
'M12','95','65','79',1,212),
(
'M12','95','65','80',1,213),
(
'M12','95','65','81',1,214),
(
'M12','100','70','70',1,215),
(
'M12','100','70','71',1,216),
(
'M12','100','70','72',1,217),
(
'M12','100','70','73',1,218),
(
'M12','100','70','74',1,219),
(
'M12','100','70','75',1,220),
(
'M12','100','70','76',1,221),
(
'M12','100','70','77',1,222),
(
'M12','100','70','78',1,223),
(
'M12','100','70','79',1,224),
(
'M12','100','70','80',1,225),
(
'M12','100','70','81',1,226),
(
'M12','100','70','82',1,227),
(
'M12','100','70','83',1,228),
(
'M12','100','70','84',1,229),
(
'M12','100','70','85',1,230),
(
'M12','100','70','86',1,231),
(
'M14','50','13','13',1,232),
(
'M14','50','13','14',1,233),
(
'M14','50','13','15',1,234),
(
'M14','50','13','16',1,235),
(
'M14','50','13','17',1,236),
(
'M14','50','13','18',1,237),
(
'M14','50','13','19',1,238),
(
'M14','50','13','20',1,239),
(
'M14','50','13','21',1,240),
(
'M14','50','13','22',1,241),
(
'M14','50','13','23',1,242),
(
'M14','50','13','24',1,243),
(
'M14','50','13','25',1,244),
(
'M14','50','13','26',1,245),
(
'M14','50','13','27',1,246),
(
'M14','50','13','28',1,247),
(
'M14','50','13','29',1,248),
(
'M14','50','13','30',1,249),
(
'M14','50','13','31',1,250),
(
'M14','50','13','32',1,251),
(
'M14','50','13','33',1,252),
(
'M14','50','13','34',1,253),
(
'M14','50','13','35',1,254),
(
'M14','50','13','36',1,255),
(
'M14','55','21','21',1,256),
(
'M14','55','21','22',1,257),
(
'M14','55','21','23',1,258),
(
'M14','55','21','24',1,259),
(
'M14','55','21','25',1,260),
(
'M14','55','21','26',1,261),
(
'M14','55','21','27',1,262),
(
'M14','55','21','28',1,263),
(
'M14','55','21','29',1,264),
(
'M14','55','21','30',1,265),
(
'M14','55','21','31',1,266),
(
'M14','55','21','32',1,267),
(
'M14','55','21','33',1,268),
(
'M14','55','21','34',1,269),
(
'M14','55','21','35',1,270),
(
'M14','55','21','36',1,271),
(
'M14','55','21','37',1,272),
(
'M14','55','21','38',1,273),
(
'M14','55','21','39',1,274),
(
'M14','60','26','26',1,275),
(
'M14','60','26','27',1,276),
(
'M14','60','26','28',1,277),
(
'M14','60','26','29',1,278),
(
'M14','60','26','30',1,279),
(
'M14','60','26','31',1,280),
(
'M14','60','26','32',1,281),
(
'M14','60','26','33',1,282),
(
'M14','60','26','34',1,283),
(
'M14','60','26','35',1,284),
(
'M14','60','26','36',1,285),
(
'M14','60','26','37',1,286),
(
'M14','60','26','38',1,287),
(
'M14','60','26','39',1,288),
(
'M14','60','26','40',1,289),
(
'M14','60','26','41',1,290),
(
'M14','60','26','42',1,291),
(
'M14','60','26','43',1,292),
(
'M14','60','26','44',1,293),
(
'M14','65','31','31',1,294),
(
'M14','65','31','32',1,295),
(
'M14','65','31','33',1,296),
(
'M14','65','31','34',1,297),
(
'M14','65','31','35',1,298),
(
'M14','65','31','36',1,299),
(
'M14','65','31','37',1,300),
(
'M14','65','31','38',1,301),
(
'M14','65','31','39',1,302),
(
'M14','65','31','40',1,303),
(
'M14','65','31','41',1,304),
(
'M14','65','31','42',1,305),
(
'M14','65','31','43',1,306),
(
'M14','65','31','44',1,307),
(
'M14','65','31','45',1,308),
(
'M14','65','31','46',1,309),
(
'M14','65','31','47',1,310),
(
'M14','65','31','48',1,311),
(
'M14','65','31','49',1,312),
(
'M14','70','36','36',1,313),
(
'M14','70','36','37',1,314),
(
'M14','70','36','38',1,315),
(
'M14','70','36','39',1,316),
(
'M14','70','36','40',1,317),
(
'M14','70','36','41',1,318),
(
'M14','70','36','42',1,319),
(
'M14','70','36','43',1,320),
(
'M14','70','36','44',1,321),
(
'M14','70','36','45',1,322),
(
'M14','70','36','46',1,323),
(
'M14','70','36','47',1,324),
(
'M14','70','36','48',1,325),
(
'M14','70','36','49',1,326),
(
'M14','70','36','50',1,327),
(
'M14','70','36','51',1,328),
(
'M14','70','36','52',1,329),
(
'M14','70','36','53',1,330),
(
'M14','70','36','54',1,331),
(
'M14','75','41','41',1,332),
(
'M14','75','41','42',1,333),
(
'M14','75','41','43',1,334),
(
'M14','75','41','44',1,335),
(
'M14','75','41','45',1,336),
(
'M14','75','41','46',1,337),
(
'M14','75','41','47',1,338),
(
'M14','75','41','48',1,339),
(
'M14','75','41','49',1,340),
(
'M14','75','41','50',1,341),
(
'M14','75','41','51',1,342),
(
'M14','75','41','52',1,343),
(
'M14','75','41','53',1,344),
(
'M14','75','41','54',1,345),
(
'M14','75','41','55',1,346),
(
'M14','75','41','56',1,347),
(
'M14','75','41','57',1,348),
(
'M14','75','41','58',1,349),
(
'M14','75','41','59',1,350),
(
'M14','80','46','46',1,351),
(
'M14','80','46','47',1,352),
(
'M14','80','46','48',1,353),
(
'M14','80','46','49',1,354),
(
'M14','80','46','50',1,355),
(
'M14','80','46','51',1,356),
(
'M14','80','46','52',1,357),
(
'M14','80','46','53',1,358),
(
'M14','80','46','54',1,359),
(
'M14','80','46','55',1,360),
(
'M14','80','46','56',1,361),
(
'M14','80','46','57',1,362),
(
'M14','80','46','58',1,363),
(
'M14','80','46','59',1,364),
(
'M14','80','46','60',1,365),
(
'M14','80','46','61',1,366),
(
'M14','80','46','62',1,367),
(
'M14','80','46','63',1,368),
(
'M14','80','46','64',1,369),
(
'M14','85','51','51',1,370),
(
'M14','85','51','52',1,371),
(
'M14','85','51','53',1,372),
(
'M14','85','51','54',1,373),
(
'M14','85','51','55',1,374),
(
'M14','85','51','56',1,375),
(
'M14','85','51','57',1,376),
(
'M14','85','51','58',1,377),
(
'M14','85','51','59',1,378),
(
'M14','85','51','60',1,379),
(
'M14','85','51','61',1,380),
(
'M14','85','51','62',1,381),
(
'M14','85','51','63',1,382),
(
'M14','85','51','64',1,383),
(
'M14','85','51','65',1,384),
(
'M14','85','51','66',1,385),
(
'M14','85','51','67',1,386),
(
'M14','85','51','68',1,387),
(
'M14','85','51','69',1,388),
(
'M14','90','56','56',1,389),
(
'M14','90','56','57',1,390),
(
'M14','90','56','58',1,391),
(
'M14','90','56','59',1,392),
(
'M14','90','56','60',1,393),
(
'M14','90','56','61',1,394),
(
'M14','90','56','62',1,395),
(
'M14','90','56','63',1,396),
(
'M14','90','56','64',1,397),
(
'M14','90','56','65',1,398),
(
'M14','90','56','66',1,399),
(
'M14','90','56','67',1,400),
(
'M14','90','56','68',1,401),
(
'M14','90','56','69',1,402),
(
'M14','90','56','70',1,403),
(
'M14','90','56','71',1,404),
(
'M14','90','56','72',1,405),
(
'M14','90','56','73',1,406),
(
'M14','90','56','74',1,407),
(
'M14','95','61','61',1,408),
(
'M14','95','61','62',1,409),
(
'M14','95','61','63',1,410),
(
'M14','95','61','64',1,411),
(
'M14','95','61','65',1,412),
(
'M14','95','61','66',1,413),
(
'M14','95','61','67',1,414),
(
'M14','95','61','68',1,415),
(
'M14','95','61','69',1,416),
(
'M14','95','61','70',1,417),
(
'M14','95','61','71',1,418),
(
'M14','95','61','72',1,419),
(
'M14','95','61','73',1,420),
(
'M14','95','61','74',1,421),
(
'M14','95','61','75',1,422),
(
'M14','95','61','76',1,423),
(
'M14','95','61','77',1,424),
(
'M14','95','61','78',1,425),
(
'M14','95','61','79',1,426),
(
'M14','100','66','66',1,427),
(
'M14','100','66','67',1,428),
(
'M14','100','66','68',1,429),
(
'M14','100','66','69',1,430),
(
'M14','100','66','70',1,431),
(
'M14','100','66','71',1,432),
(
'M14','100','66','72',1,433),
(
'M14','100','66','73',1,434),
(
'M14','100','66','74',1,435),
(
'M14','100','66','75',1,436),
(
'M14','100','66','76',1,437),
(
'M14','100','66','77',1,438),
(
'M14','100','66','78',1,439),
(
'M14','100','66','79',1,440),
(
'M14','100','66','80',1,441),
(
'M14','100','66','81',1,442),
(
'M14','100','66','82',1,443),
(
'M14','100','66','83',1,444),
(
'M14','100','66','84',1,445),
(
'M14','110','76','76',1,446),
(
'M14','110','76','77',1,447),
(
'M14','110','76','78',1,448),
(
'M14','110','76','79',1,449),
(
'M14','110','76','80',1,450),
(
'M14','110','76','81',1,451),
(
'M14','110','76','82',1,452),
(
'M14','110','76','83',1,453),
(
'M14','110','76','84',1,454),
(
'M14','110','76','85',1,455),
(
'M14','110','76','86',1,456),
(
'M14','110','76','87',1,457),
(
'M14','110','76','88',1,458),
(
'M14','110','76','89',1,459),
(
'M14','110','76','90',1,460),
(
'M14','110','76','91',1,461),
(
'M14','110','76','92',1,462),
(
'M14','110','76','93',1,463),
(
'M14','110','76','94',1,464),
(
'M14','120','86','86',1,465),
(
'M14','120','86','87',1,466),
(
'M14','120','86','88',1,467),
(
'M14','120','86','89',1,468),
(
'M14','120','86','90',1,469),
(
'M14','120','86','91',1,470),
(
'M14','120','86','92',1,471),
(
'M14','120','86','93',1,472),
(
'M14','120','86','94',1,473),
(
'M14','120','86','95',1,474),
(
'M14','120','86','96',1,475),
(
'M14','120','86','97',1,476),
(
'M14','120','86','98',1,477),
(
'M14','120','86','99',1,478),
(
'M14','120','86','100',1,479),
(
'M14','120','86','101',1,480),
(
'M14','120','86','102',1,481),
(
'M14','120','86','103',1,482),
(
'M14','120','86','104',1,483),
(
'M14','130','90','90',1,484),
(
'M14','130','90','91',1,485),
(
'M14','130','90','92',1,486),
(
'M14','130','90','93',1,487),
(
'M14','130','90','94',1,488),
(
'M14','130','90','95',1,489),
(
'M14','130','90','96',1,490),
(
'M14','130','90','97',1,491),
(
'M14','130','90','98',1,492),
(
'M14','130','90','99',1,493),
(
'M14','130','90','100',1,494),
(
'M14','130','90','101',1,495),
(
'M14','130','90','102',1,496),
(
'M14','130','90','103',1,497),
(
'M14','130','90','104',1,498),
(
'M14','130','90','105',1,499),
(
'M14','130','90','106',1,500),
(
'M14','130','90','107',1,501),
(
'M14','130','90','108',1,502),
(
'M14','130','90','109',1,503),
(
'M14','130','90','110',1,504),
(
'M14','130','90','111',1,505),
(
'M14','130','90','112',1,506),
(
'M14','130','90','113',1,507),
(
'M14','130','90','114',1,508),
(
'M14','140','100','100',1,509),
(
'M14','140','100','101',1,510),
(
'M14','140','100','102',1,511),
(
'M14','140','100','103',1,512),
(
'M14','140','100','104',1,513),
(
'M14','140','100','105',1,514),
(
'M14','140','100','106',1,515),
(
'M14','140','100','107',1,516),
(
'M14','140','100','108',1,517),
(
'M14','140','100','109',1,518),
(
'M14','140','100','110',1,519),
(
'M14','140','100','111',1,520),
(
'M14','140','100','112',1,521),
(
'M14','140','100','113',1,522),
(
'M14','140','100','114',1,523),
(
'M14','140','100','115',1,524),
(
'M14','140','100','116',1,525),
(
'M14','140','100','117',1,526),
(
'M14','140','100','118',1,527),
(
'M14','140','100','119',1,528),
(
'M14','140','100','120',1,529),
(
'M14','140','100','121',1,530),
(
'M14','140','100','122',1,531),
(
'M14','140','100','123',1,532),
(
'M14','140','100','124',1,533),
(
'M14','150','110','110',1,534),
(
'M14','150','110','111',1,535),
(
'M14','150','110','112',1,536),
(
'M14','150','110','113',1,537),
(
'M14','150','110','114',1,538),
(
'M14','150','110','115',1,539),
(
'M14','150','110','116',1,540),
(
'M14','150','110','117',1,541),
(
'M14','150','110','118',1,542),
(
'M14','150','110','119',1,543),
(
'M14','150','110','120',1,544),
(
'M14','150','110','121',1,545),
(
'M14','150','110','122',1,546),
(
'M14','150','110','123',1,547),
(
'M14','150','110','124',1,548),
(
'M14','150','110','125',1,549),
(
'M14','150','110','126',1,550),
(
'M14','150','110','127',1,551),
(
'M14','150','110','128',1,552),
(
'M14','150','110','129',1,553),
(
'M14','150','110','130',1,554),
(
'M14','150','110','131',1,555),
(
'M14','150','110','132',1,556),
(
'M14','150','110','133',1,557),
(
'M14','150','110','134',1,558),
(
'M14','160','120','120',1,559),
(
'M14','160','120','121',1,560),
(
'M14','160','120','122',1,561),
(
'M14','160','120','123',1,562),
(
'M14','160','120','124',1,563),
(
'M14','160','120','125',1,564),
(
'M14','160','120','126',1,565),
(
'M14','160','120','127',1,566),
(
'M14','160','120','128',1,567),
(
'M14','160','120','129',1,568),
(
'M14','160','120','130',1,569),
(
'M14','160','120','131',1,570),
(
'M14','160','120','132',1,571),
(
'M14','160','120','133',1,572),
(
'M14','160','120','134',1,573),
(
'M14','160','120','135',1,574),
(
'M14','160','120','136',1,575),
(
'M14','160','120','137',1,576),
(
'M14','160','120','138',1,577),
(
'M14','160','120','139',1,578),
(
'M14','160','120','140',1,579),
(
'M14','160','120','141',1,580),
(
'M14','160','120','142',1,581),
(
'M14','160','120','143',1,582),
(
'M14','160','120','144',1,583),
(
'M16','40','14','14',1,584),
(
'M16','40','14','15',1,585),
(
'M16','40','14','16',1,586),
(
'M16','40','14','17',1,587),
(
'M16','40','14','18',1,588),
(
'M16','40','14','19',1,589),
(
'M16','40','14','20',1,590),
(
'M16','40','14','21',1,591),
(
'M16','45','14','14',1,592),
(
'M16','45','14','15',1,593),
(
'M16','45','14','16',1,594),
(
'M16','45','14','17',1,595),
(
'M16','45','14','18',1,596),
(
'M16','45','14','19',1,597),
(
'M16','45','14','20',1,598),
(
'M16','45','14','21',1,599),
(
'M16','45','14','22',1,600),
(
'M16','45','14','23',1,601),
(
'M16','45','14','24',1,602),
(
'M16','45','14','25',1,603),
(
'M16','45','14','26',1,604),
(
'M16','50','14','14',1,605),
(
'M16','50','14','15',1,606),
(
'M16','50','14','16',1,607),
(
'M16','50','14','17',1,608),
(
'M16','50','14','18',1,609),
(
'M16','50','14','19',1,610),
(
'M16','50','14','20',1,611),
(
'M16','50','14','21',1,612),
(
'M16','50','14','22',1,613),
(
'M16','50','14','23',1,614),
(
'M16','50','14','24',1,615),
(
'M16','50','14','25',1,616),
(
'M16','50','14','26',1,617),
(
'M16','50','14','27',1,618),
(
'M16','50','14','28',1,619),
(
'M16','50','14','29',1,620),
(
'M16','50','14','30',1,621),
(
'M16','50','14','31',1,622),
(
'M16','55','14','14',1,623),
(
'M16','55','14','15',1,624),
(
'M16','55','14','16',1,625),
(
'M16','55','14','17',1,626),
(
'M16','55','14','18',1,627),
(
'M16','55','14','19',1,628),
(
'M16','55','14','20',1,629),
(
'M16','55','14','21',1,630),
(
'M16','55','14','22',1,631),
(
'M16','55','14','23',1,632),
(
'M16','55','14','24',1,633),
(
'M16','55','14','25',1,634),
(
'M16','55','14','26',1,635),
(
'M16','55','14','27',1,636),
(
'M16','55','14','28',1,637),
(
'M16','55','14','29',1,638),
(
'M16','55','14','30',1,639),
(
'M16','55','14','31',1,640),
(
'M16','55','14','32',1,641),
(
'M16','55','14','33',1,642),
(
'M16','55','14','34',1,643),
(
'M16','55','14','35',1,644),
(
'M16','55','14','36',1,645),
(
'M16','60','22','22',1,646),
(
'M16','60','22','23',1,647),
(
'M16','60','22','24',1,648),
(
'M16','60','22','25',1,649),
(
'M16','60','22','26',1,650),
(
'M16','60','22','27',1,651),
(
'M16','60','22','28',1,652),
(
'M16','60','22','29',1,653),
(
'M16','60','22','30',1,654),
(
'M16','60','22','31',1,655),
(
'M16','60','22','32',1,656),
(
'M16','60','22','33',1,657),
(
'M16','60','22','34',1,658),
(
'M16','60','22','35',1,659),
(
'M16','60','22','36',1,660),
(
'M16','60','22','37',1,661),
(
'M16','60','22','38',1,662),
(
'M16','60','22','39',1,663),
(
'M16','60','22','40',1,664),
(
'M16','60','22','41',1,665),
(
'M16','65','27','27',1,666),
(
'M16','65','27','28',1,667),
(
'M16','65','27','29',1,668),
(
'M16','65','27','30',1,669),
(
'M16','65','27','31',1,670),
(
'M16','65','27','32',1,671),
(
'M16','65','27','33',1,672),
(
'M16','65','27','34',1,673),
(
'M16','65','27','35',1,674),
(
'M16','65','27','36',1,675),
(
'M16','65','27','37',1,676),
(
'M16','65','27','38',1,677),
(
'M16','65','27','39',1,678),
(
'M16','65','27','40',1,679),
(
'M16','65','27','41',1,680),
(
'M16','65','27','42',1,681),
(
'M16','65','27','43',1,682),
(
'M16','65','27','44',1,683),
(
'M16','65','27','45',1,684),
(
'M16','65','27','46',1,685),
(
'M16','70','32','32',1,686),
(
'M16','70','32','33',1,687),
(
'M16','70','32','34',1,688),
(
'M16','70','32','35',1,689),
(
'M16','70','32','36',1,690),
(
'M16','70','32','37',1,691),
(
'M16','70','32','38',1,692),
(
'M16','70','32','39',1,693),
(
'M16','70','32','40',1,694),
(
'M16','70','32','41',1,695),
(
'M16','70','32','42',1,696),
(
'M16','70','32','43',1,697),
(
'M16','70','32','44',1,698),
(
'M16','70','32','45',1,699),
(
'M16','70','32','46',1,700),
(
'M16','70','32','47',1,701),
(
'M16','70','32','48',1,702),
(
'M16','70','32','49',1,703),
(
'M16','70','32','50',1,704),
(
'M16','70','32','51',1,705),
(
'M16','75','37','37',1,706),
(
'M16','75','37','38',1,707),
(
'M16','75','37','39',1,708),
(
'M16','75','37','40',1,709),
(
'M16','75','37','41',1,710),
(
'M16','75','37','42',1,711),
(
'M16','75','37','43',1,712),
(
'M16','75','37','44',1,713),
(
'M16','75','37','45',1,714),
(
'M16','75','37','46',1,715),
(
'M16','75','37','47',1,716),
(
'M16','75','37','48',1,717),
(
'M16','75','37','49',1,718),
(
'M16','75','37','50',1,719),
(
'M16','75','37','51',1,720),
(
'M16','75','37','52',1,721),
(
'M16','75','37','53',1,722),
(
'M16','75','37','54',1,723),
(
'M16','75','37','55',1,724),
(
'M16','75','37','56',1,725),
(
'M16','80','42','42',1,726),
(
'M16','80','42','43',1,727),
(
'M16','80','42','44',1,728),
(
'M16','80','42','45',1,729),
(
'M16','80','42','46',1,730),
(
'M16','80','42','47',1,731),
(
'M16','80','42','48',1,732),
(
'M16','80','42','49',1,733),
(
'M16','80','42','50',1,734),
(
'M16','80','42','51',1,735),
(
'M16','80','42','52',1,736),
(
'M16','80','42','53',1,737),
(
'M16','80','42','54',1,738),
(
'M16','80','42','55',1,739),
(
'M16','80','42','56',1,740),
(
'M16','80','42','57',1,741),
(
'M16','80','42','58',1,742),
(
'M16','80','42','59',1,743),
(
'M16','80','42','60',1,744),
(
'M16','80','42','61',1,745),
(
'M16','85','47','47',1,746),
(
'M16','85','47','48',1,747),
(
'M16','85','47','49',1,748),
(
'M16','85','47','50',1,749),
(
'M16','85','47','51',1,750),
(
'M16','85','47','52',1,751),
(
'M16','85','47','53',1,752),
(
'M16','85','47','54',1,753),
(
'M16','85','47','55',1,754),
(
'M16','85','47','56',1,755),
(
'M16','85','47','57',1,756),
(
'M16','85','47','58',1,757),
(
'M16','85','47','59',1,758),
(
'M16','85','47','60',1,759),
(
'M16','85','47','61',1,760),
(
'M16','85','47','62',1,761),
(
'M16','85','47','63',1,762),
(
'M16','85','47','64',1,763),
(
'M16','85','47','65',1,764),
(
'M16','85','47','66',1,765),
(
'M16','90','52','52',1,766),
(
'M16','90','52','53',1,767),
(
'M16','90','52','54',1,768),
(
'M16','90','52','55',1,769),
(
'M16','90','52','56',1,770),
(
'M16','90','52','57',1,771),
(
'M16','90','52','58',1,772),
(
'M16','90','52','59',1,773),
(
'M16','90','52','60',1,774),
(
'M16','90','52','61',1,775),
(
'M16','90','52','62',1,776),
(
'M16','90','52','63',1,777),
(
'M16','90','52','64',1,778),
(
'M16','90','52','65',1,779),
(
'M16','90','52','66',1,780),
(
'M16','90','52','67',1,781),
(
'M16','90','52','68',1,782),
(
'M16','90','52','69',1,783),
(
'M16','90','52','70',1,784),
(
'M16','90','52','71',1,785),
(
'M16','95','57','57',1,786),
(
'M16','95','57','58',1,787),
(
'M16','95','57','59',1,788),
(
'M16','95','57','60',1,789),
(
'M16','95','57','61',1,790),
(
'M16','95','57','62',1,791),
(
'M16','95','57','63',1,792),
(
'M16','95','57','64',1,793),
(
'M16','95','57','65',1,794),
(
'M16','95','57','66',1,795),
(
'M16','95','57','67',1,796),
(
'M16','95','57','68',1,797),
(
'M16','95','57','69',1,798),
(
'M16','95','57','70',1,799),
(
'M16','95','57','71',1,800),
(
'M16','95','57','72',1,801),
(
'M16','95','57','73',1,802),
(
'M16','95','57','74',1,803),
(
'M16','95','57','75',1,804),
(
'M16','95','57','76',1,805),
(
'M16','100','62','62',1,806),
(
'M16','100','62','63',1,807),
(
'M16','100','62','64',1,808),
(
'M16','100','62','65',1,809),
(
'M16','100','62','66',1,810),
(
'M16','100','62','67',1,811),
(
'M16','100','62','68',1,812),
(
'M16','100','62','69',1,813),
(
'M16','100','62','70',1,814),
(
'M16','100','62','71',1,815),
(
'M16','100','62','72',1,816),
(
'M16','100','62','73',1,817),
(
'M16','100','62','74',1,818),
(
'M16','100','62','75',1,819),
(
'M16','100','62','76',1,820),
(
'M16','100','62','77',1,821),
(
'M16','100','62','78',1,822),
(
'M16','100','62','79',1,823),
(
'M16','100','62','80',1,824),
(
'M16','100','62','81',1,825),
(
'M16','110','72','72',1,826),
(
'M16','110','72','73',1,827),
(
'M16','110','72','74',1,828),
(
'M16','110','72','75',1,829),
(
'M16','110','72','76',1,830),
(
'M16','110','72','77',1,831),
(
'M16','110','72','78',1,832),
(
'M16','110','72','79',1,833),
(
'M16','110','72','80',1,834),
(
'M16','110','72','81',1,835),
(
'M16','110','72','82',1,836),
(
'M16','110','72','83',1,837),
(
'M16','110','72','84',1,838),
(
'M16','110','72','85',1,839),
(
'M16','110','72','86',1,840),
(
'M16','110','72','87',1,841),
(
'M16','110','72','88',1,842),
(
'M16','110','72','89',1,843),
(
'M16','110','72','90',1,844),
(
'M16','110','72','91',1,845),
(
'M16','120','82','82',1,846),
(
'M16','120','82','83',1,847),
(
'M16','120','82','84',1,848),
(
'M16','120','82','85',1,849),
(
'M16','120','82','86',1,850),
(
'M16','120','82','87',1,851),
(
'M16','120','82','88',1,852),
(
'M16','120','82','89',1,853),
(
'M16','120','82','90',1,854),
(
'M16','120','82','91',1,855),
(
'M16','120','82','92',1,856),
(
'M16','120','82','93',1,857),
(
'M16','120','82','94',1,858),
(
'M16','120','82','95',1,859),
(
'M16','120','82','96',1,860),
(
'M16','120','82','97',1,861),
(
'M16','120','82','98',1,862),
(
'M16','120','82','99',1,863),
(
'M16','120','82','100',1,864),
(
'M16','120','82','101',1,865),
(
'M16','130','86','86',1,866),
(
'M16','130','86','87',1,867),
(
'M16','130','86','88',1,868),
(
'M16','130','86','89',1,869),
(
'M16','130','86','90',1,870),
(
'M16','130','86','91',1,871),
(
'M16','130','86','92',1,872),
(
'M16','130','86','93',1,873),
(
'M16','130','86','94',1,874),
(
'M16','130','86','95',1,875),
(
'M16','130','86','96',1,876),
(
'M16','130','86','97',1,877),
(
'M16','130','86','98',1,878),
(
'M16','130','86','99',1,879),
(
'M16','130','86','100',1,880),
(
'M16','130','86','101',1,881),
(
'M16','130','86','102',1,882),
(
'M16','130','86','103',1,883),
(
'M16','130','86','104',1,884),
(
'M16','130','86','105',1,885),
(
'M16','130','86','106',1,886),
(
'M16','130','86','107',1,887),
(
'M16','130','86','108',1,888),
(
'M16','130','86','109',1,889),
(
'M16','130','86','110',1,890),
(
'M16','130','86','111',1,891),
(
'M16','140','96','96',1,892),
(
'M16','140','96','97',1,893),
(
'M16','140','96','98',1,894),
(
'M16','140','96','99',1,895),
(
'M16','140','96','100',1,896),
(
'M16','140','96','101',1,897),
(
'M16','140','96','102',1,898),
(
'M16','140','96','103',1,899),
(
'M16','140','96','104',1,900),
(
'M16','140','96','105',1,901),
(
'M16','140','96','106',1,902),
(
'M16','140','96','107',1,903),
(
'M16','140','96','108',1,904),
(
'M16','140','96','109',1,905),
(
'M16','140','96','110',1,906),
(
'M16','140','96','111',1,907),
(
'M16','140','96','112',1,908),
(
'M16','140','96','113',1,909),
(
'M16','140','96','114',1,910),
(
'M16','140','96','115',1,911),
(
'M16','140','96','116',1,912),
(
'M16','140','96','117',1,913),
(
'M16','140','96','118',1,914),
(
'M16','140','96','119',1,915),
(
'M16','140','96','120',1,916),
(
'M16','140','96','121',1,917),
(
'M16','150','106','106',1,918),
(
'M16','150','106','107',1,919),
(
'M16','150','106','108',1,920),
(
'M16','150','106','109',1,921),
(
'M16','150','106','110',1,922),
(
'M16','150','106','111',1,923),
(
'M16','150','106','112',1,924),
(
'M16','150','106','113',1,925),
(
'M16','150','106','114',1,926),
(
'M16','150','106','115',1,927),
(
'M16','150','106','116',1,928),
(
'M16','150','106','117',1,929),
(
'M16','150','106','118',1,930),
(
'M16','150','106','119',1,931),
(
'M16','150','106','120',1,932),
(
'M16','150','106','121',1,933),
(
'M18','60','16.5','17',1,934),
(
'M18','60','16.5','18',1,935),
(
'M18','60','16.5','19',1,936),
(
'M18','60','16.5','20',1,937),
(
'M18','60','16.5','21',1,938),
(
'M18','60','16.5','22',1,939),
(
'M18','60','16.5','23',1,940),
(
'M18','60','16.5','24',1,941),
(
'M18','60','16.5','25',1,942),
(
'M18','60','16.5','26',1,943),
(
'M18','60','16.5','27',1,944),
(
'M18','60','16.5','28',1,945),
(
'M18','60','16.5','29',1,946),
(
'M18','60','16.5','30',1,947),
(
'M18','60','16.5','31',1,948),
(
'M18','60','16.5','32',1,949),
(
'M18','60','16.5','33',1,950),
(
'M18','60','16.5','34',1,951),
(
'M18','60','16.5','35',1,952),
(
'M18','60','16.5','36',1,953),
(
'M18','60','16.5','37',1,954),
(
'M18','60','16.5','38',1,955),
(
'M18','60','16.5','39',1,956),
(
'M18','60','16.5','40',1,957),
(
'M18','65','23','23',1,958),
(
'M18','65','23','24',1,959),
(
'M18','65','23','25',1,960),
(
'M18','65','23','26',1,961),
(
'M18','65','23','27',1,962),
(
'M18','65','23','28',1,963),
(
'M18','65','23','29',1,964),
(
'M18','65','23','30',1,965),
(
'M18','65','23','31',1,966),
(
'M18','65','23','32',1,967),
(
'M18','65','23','33',1,968),
(
'M18','65','23','34',1,969),
(
'M18','65','23','35',1,970),
(
'M18','65','23','36',1,971),
(
'M18','65','23','37',1,972),
(
'M18','65','23','38',1,973),
(
'M18','65','23','39',1,974),
(
'M18','65','23','40',1,975),
(
'M18','65','23','41',1,976),
(
'M18','65','23','42',1,977),
(
'M18','65','23','43',1,978),
(
'M18','65','23','44',1,979),
(
'M18','65','23','45',1,980),
(
'M18','70','28','28',1,981),
(
'M18','70','28','29',1,982),
(
'M18','70','28','30',1,983),
(
'M18','70','28','31',1,984),
(
'M18','70','28','32',1,985),
(
'M18','70','28','33',1,986),
(
'M18','70','28','34',1,987),
(
'M18','70','28','35',1,988),
(
'M18','70','28','36',1,989),
(
'M18','70','28','37',1,990),
(
'M18','70','28','38',1,991),
(
'M18','70','28','39',1,992),
(
'M18','70','28','40',1,993),
(
'M18','70','28','41',1,994),
(
'M18','70','28','42',1,995),
(
'M18','70','28','43',1,996),
(
'M18','70','28','44',1,997),
(
'M18','70','28','45',1,998),
(
'M18','70','28','46',1,999),
(
'M18','70','28','47',1,1000),
(
'M18','70','28','48',1,1001),
(
'M18','70','28','49',1,1002),
(
'M18','70','28','50',1,1003),
(
'M18','75','33','33',1,1004),
(
'M18','75','33','34',1,1005),
(
'M18','75','33','35',1,1006),
(
'M18','75','33','36',1,1007),
(
'M18','75','33','37',1,1008),
(
'M18','75','33','38',1,1009),
(
'M18','75','33','39',1,1010),
(
'M18','75','33','40',1,1011),
(
'M18','75','33','41',1,1012),
(
'M18','75','33','42',1,1013),
(
'M18','75','33','43',1,1014),
(
'M18','75','33','44',1,1015),
(
'M18','75','33','45',1,1016),
(
'M18','75','33','46',1,1017),
(
'M18','75','33','47',1,1018),
(
'M18','75','33','48',1,1019),
(
'M18','75','33','49',1,1020),
(
'M18','75','33','50',1,1021),
(
'M18','75','33','51',1,1022),
(
'M18','75','33','52',1,1023),
(
'M18','75','33','53',1,1024),
(
'M18','75','33','54',1,1025),
(
'M18','75','33','55',1,1026),
(
'M18','80','38','38',1,1027),
(
'M18','80','38','39',1,1028),
(
'M18','80','38','40',1,1029),
(
'M18','80','38','41',1,1030),
(
'M18','80','38','42',1,1031),
(
'M18','80','38','43',1,1032),
(
'M18','80','38','44',1,1033),
(
'M18','80','38','45',1,1034),
(
'M18','80','38','46',1,1035),
(
'M18','80','38','47',1,1036),
(
'M18','80','38','48',1,1037),
(
'M18','80','38','49',1,1038),
(
'M18','80','38','50',1,1039),
(
'M18','80','38','51',1,1040),
(
'M18','80','38','52',1,1041),
(
'M18','80','38','53',1,1042),
(
'M18','80','38','54',1,1043),
(
'M18','80','38','55',1,1044),
(
'M18','80','38','56',1,1045),
(
'M18','80','38','57',1,1046),
(
'M18','80','38','58',1,1047),
(
'M18','80','38','59',1,1048),
(
'M18','80','38','60',1,1049),
(
'M18','85','43','43',1,1050),
(
'M18','85','43','44',1,1051),
(
'M18','85','43','45',1,1052),
(
'M18','85','43','46',1,1053),
(
'M18','85','43','47',1,1054),
(
'M18','85','43','48',1,1055),
(
'M18','85','43','49',1,1056),
(
'M18','85','43','50',1,1057),
(
'M18','85','43','51',1,1058),
(
'M18','85','43','52',1,1059),
(
'M18','85','43','53',1,1060),
(
'M18','85','43','54',1,1061),
(
'M18','85','43','55',1,1062),
(
'M18','85','43','56',1,1063),
(
'M18','85','43','57',1,1064),
(
'M18','85','43','58',1,1065),
(
'M18','85','43','59',1,1066),
(
'M18','85','43','60',1,1067),
(
'M18','85','43','61',1,1068),
(
'M18','85','43','62',1,1069),
(
'M18','85','43','63',1,1070),
(
'M18','85','43','64',1,1071),
(
'M18','85','43','65',1,1072),
(
'M18','90','48','48',1,1073),
(
'M18','90','48','49',1,1074),
(
'M18','90','48','50',1,1075),
(
'M18','90','48','51',1,1076),
(
'M18','90','48','52',1,1077),
(
'M18','90','48','53',1,1078),
(
'M18','90','48','54',1,1079),
(
'M18','90','48','55',1,1080),
(
'M18','90','48','56',1,1081),
(
'M18','90','48','57',1,1082),
(
'M18','90','48','58',1,1083),
(
'M18','90','48','59',1,1084),
(
'M18','90','48','60',1,1085),
(
'M18','90','48','61',1,1086),
(
'M18','90','48','62',1,1087),
(
'M18','90','48','63',1,1088),
(
'M18','90','48','64',1,1089),
(
'M18','90','48','65',1,1090),
(
'M18','90','48','66',1,1091),
(
'M18','90','48','67',1,1092),
(
'M18','90','48','68',1,1093),
(
'M18','90','48','69',1,1094),
(
'M18','90','48','70',1,1095),
(
'M18','95','53','53',1,1096),
(
'M18','95','53','54',1,1097),
(
'M18','95','53','55',1,1098),
(
'M18','95','53','56',1,1099),
(
'M18','95','53','57',1,1100),
(
'M18','95','53','58',1,1101),
(
'M18','95','53','59',1,1102),
(
'M18','95','53','60',1,1103),
(
'M18','95','53','61',1,1104),
(
'M18','95','53','62',1,1105),
(
'M18','95','53','63',1,1106),
(
'M18','95','53','64',1,1107),
(
'M18','95','53','65',1,1108),
(
'M18','95','53','66',1,1109),
(
'M18','95','53','67',1,1110),
(
'M18','95','53','68',1,1111),
(
'M18','95','53','69',1,1112),
(
'M18','95','53','70',1,1113),
(
'M18','95','53','71',1,1114),
(
'M18','95','53','72',1,1115),
(
'M18','95','53','73',1,1116),
(
'M18','95','53','74',1,1117),
(
'M18','95','53','75',1,1118),
(
'M18','100','58','58',1,1119),
(
'M18','100','58','59',1,1120),
(
'M18','100','58','60',1,1121),
(
'M18','100','58','61',1,1122),
(
'M18','100','58','62',1,1123),
(
'M18','100','58','63',1,1124),
(
'M18','100','58','64',1,1125),
(
'M18','100','58','65',1,1126),
(
'M18','100','58','66',1,1127),
(
'M18','100','58','67',1,1128),
(
'M18','100','58','68',1,1129),
(
'M18','100','58','69',1,1130),
(
'M18','100','58','70',1,1131),
(
'M18','100','58','71',1,1132),
(
'M18','100','58','72',1,1133),
(
'M18','100','58','73',1,1134),
(
'M18','100','58','74',1,1135),
(
'M18','100','58','75',1,1136),
(
'M18','100','58','76',1,1137),
(
'M18','100','58','77',1,1138),
(
'M18','100','58','78',1,1139),
(
'M18','100','58','79',1,1140),
(
'M18','100','58','80',1,1141),
(
'M18','110','68','68',1,1142),
(
'M18','110','68','69',1,1143),
(
'M18','110','68','70',1,1144),
(
'M18','110','68','71',1,1145),
(
'M18','110','68','72',1,1146),
(
'M18','110','68','73',1,1147),
(
'M18','110','68','74',1,1148),
(
'M18','110','68','75',1,1149),
(
'M18','110','68','76',1,1150),
(
'M18','110','68','77',1,1151),
(
'M18','110','68','78',1,1152),
(
'M18','110','68','79',1,1153),
(
'M18','110','68','80',1,1154),
(
'M18','110','68','81',1,1155),
(
'M18','110','68','82',1,1156),
(
'M18','110','68','83',1,1157),
(
'M18','110','68','84',1,1158),
(
'M18','110','68','85',1,1159),
(
'M18','110','68','86',1,1160),
(
'M18','110','68','87',1,1161),
(
'M18','110','68','88',1,1162),
(
'M18','110','68','89',1,1163),
(
'M18','110','68','90',1,1164),
(
'M18','120','78','78',1,1165),
(
'M18','120','78','79',1,1166),
(
'M18','120','78','80',1,1167),
(
'M18','120','78','81',1,1168),
(
'M18','120','78','82',1,1169),
(
'M18','120','78','83',1,1170),
(
'M18','120','78','84',1,1171),
(
'M18','120','78','85',1,1172),
(
'M18','120','78','86',1,1173),
(
'M18','120','78','87',1,1174),
(
'M18','120','78','88',1,1175),
(
'M18','120','78','89',1,1176),
(
'M18','120','78','90',1,1177),
(
'M18','120','78','91',1,1178),
(
'M18','120','78','92',1,1179),
(
'M18','120','78','93',1,1180),
(
'M18','120','78','94',1,1181),
(
'M18','120','78','95',1,1182),
(
'M18','120','78','96',1,1183),
(
'M18','120','78','97',1,1184),
(
'M18','120','78','98',1,1185),
(
'M18','120','78','99',1,1186),
(
'M18','120','78','100',1,1187),
(
'M18','130','82','82',1,1188),
(
'M18','130','82','83',1,1189),
(
'M18','130','82','84',1,1190),
(
'M18','130','82','85',1,1191),
(
'M18','130','82','86',1,1192),
(
'M18','130','82','87',1,1193),
(
'M18','130','82','88',1,1194),
(
'M18','130','82','89',1,1195),
(
'M18','130','82','90',1,1196),
(
'M18','130','82','91',1,1197),
(
'M18','130','82','92',1,1198),
(
'M18','130','82','93',1,1199),
(
'M18','130','82','94',1,1200),
(
'M18','130','82','95',1,1201),
(
'M18','130','82','96',1,1202),
(
'M18','130','82','97',1,1203),
(
'M18','130','82','98',1,1204),
(
'M18','130','82','99',1,1205),
(
'M18','130','82','100',1,1206),
(
'M18','130','82','101',1,1207),
(
'M18','130','82','102',1,1208),
(
'M18','130','82','103',1,1209),
(
'M18','130','82','104',1,1210),
(
'M18','130','82','105',1,1211),
(
'M18','130','82','106',1,1212),
(
'M18','130','82','107',1,1213),
(
'M18','130','82','108',1,1214),
(
'M18','130','82','109',1,1215),
(
'M18','130','82','110',1,1216),
(
'M18','140','92','92',1,1217),
(
'M18','140','92','93',1,1218),
(
'M18','140','92','94',1,1219),
(
'M18','140','92','95',1,1220),
(
'M18','140','92','96',1,1221),
(
'M18','140','92','97',1,1222),
(
'M18','140','92','98',1,1223),
(
'M18','140','92','99',1,1224),
(
'M18','140','92','100',1,1225),
(
'M18','140','92','101',1,1226),
(
'M18','140','92','102',1,1227),
(
'M18','140','92','103',1,1228),
(
'M18','140','92','104',1,1229),
(
'M18','140','92','105',1,1230),
(
'M18','140','92','106',1,1231),
(
'M18','140','92','107',1,1232),
(
'M18','140','92','108',1,1233),
(
'M18','140','92','109',1,1234),
(
'M18','140','92','110',1,1235),
(
'M18','140','92','111',1,1236),
(
'M18','140','92','112',1,1237),
(
'M18','140','92','113',1,1238),
(
'M18','140','92','114',1,1239),
(
'M18','140','92','115',1,1240),
(
'M18','140','92','116',1,1241),
(
'M18','140','92','117',1,1242),
(
'M18','140','92','118',1,1243),
(
'M18','140','92','119',1,1244),
(
'M18','140','92','120',1,1245),
(
'M18','150','102','102',1,1246),
(
'M18','150','102','103',1,1247),
(
'M18','150','102','104',1,1248),
(
'M18','150','102','105',1,1249),
(
'M18','150','102','106',1,1250),
(
'M18','150','102','107',1,1251),
(
'M18','150','102','108',1,1252),
(
'M18','150','102','109',1,1253),
(
'M18','150','102','110',1,1254),
(
'M18','150','102','111',1,1255),
(
'M18','150','102','112',1,1256),
(
'M18','150','102','113',1,1257),
(
'M18','150','102','114',1,1258),
(
'M18','150','102','115',1,1259),
(
'M18','150','102','116',1,1260),
(
'M18','150','102','117',1,1261),
(
'M18','150','102','118',1,1262),
(
'M18','150','102','119',1,1263),
(
'M18','150','102','120',1,1264),
(
'M18','150','102','121',1,1265),
(
'M18','150','102','122',1,1266),
(
'M18','150','102','123',1,1267),
(
'M18','150','102','124',1,1268),
(
'M18','150','102','125',1,1269),
(
'M18','150','102','126',1,1270),
(
'M18','150','102','127',1,1271),
(
'M18','150','102','128',1,1272),
(
'M18','150','102','129',1,1273),
(
'M18','150','102','130',1,1274),
(
'M18','160','112','112',1,1275),
(
'M18','160','112','113',1,1276),
(
'M18','160','112','114',1,1277),
(
'M18','160','112','115',1,1278),
(
'M18','160','112','116',1,1279),
(
'M18','160','112','117',1,1280),
(
'M18','160','112','118',1,1281),
(
'M18','160','112','119',1,1282),
(
'M18','160','112','120',1,1283),
(
'M18','160','112','121',1,1284),
(
'M18','160','112','122',1,1285),
(
'M18','160','112','123',1,1286),
(
'M18','160','112','124',1,1287),
(
'M18','160','112','125',1,1288),
(
'M18','160','112','126',1,1289),
(
'M18','160','112','127',1,1290),
(
'M18','160','112','128',1,1291),
(
'M18','160','112','129',1,1292),
(
'M18','160','112','130',1,1293),
(
'M18','160','112','131',1,1294),
(
'M18','160','112','132',1,1295),
(
'M18','160','112','133',1,1296),
(
'M18','160','112','134',1,1297),
(
'M18','160','112','135',1,1298),
(
'M18','160','112','136',1,1299),
(
'M18','160','112','137',1,1300),
(
'M18','160','112','138',1,1301),
(
'M18','160','112','139',1,1302),
(
'M18','160','112','140',1,1303),
(
'M20','45','17.5','18',1,1304),
(
'M20','45','17.6','19',1,1305),
(
'M20','45','17.7','20',1,1306),
(
'M20','45','17.8','21',1,1307),
(
'M20','45','17.9','22',1,1308),
(
'M20','45','17.10','23',1,1309),
(
'M20','50','17.5','18',1,1310),
(
'M20','50','17.5','19',1,1311),
(
'M20','50','17.5','20',1,1312),
(
'M20','50','17.5','21',1,1313),
(
'M20','50','17.5','22',1,1314),
(
'M20','50','17.5','23',1,1315),
(
'M20','50','17.5','24',1,1316),
(
'M20','50','17.5','25',1,1317),
(
'M20','50','17.5','26',1,1318),
(
'M20','50','17.5','27',1,1319),
(
'M20','50','17.5','28',1,1320),
(
'M20','55','17.5','18',1,1321),
(
'M20','55','17.5','19',1,1322),
(
'M20','55','17.5','20',1,1323),
(
'M20','55','17.5','21',1,1324),
(
'M20','55','17.5','22',1,1325),
(
'M20','55','17.5','23',1,1326),
(
'M20','55','17.5','24',1,1327),
(
'M20','55','17.5','25',1,1328),
(
'M20','55','17.5','26',1,1329),
(
'M20','55','17.5','27',1,1330),
(
'M20','55','17.5','28',1,1331),
(
'M20','55','17.5','29',1,1332),
(
'M20','55','17.5','30',1,1333),
(
'M20','55','17.5','31',1,1334),
(
'M20','55','17.5','32',1,1335),
(
'M20','55','17.5','33',1,1336),
(
'M20','60','17.5','18',1,1337),
(
'M20','60','17.5','19',1,1338),
(
'M20','60','17.5','20',1,1339),
(
'M20','60','17.5','21',1,1340),
(
'M20','60','17.5','22',1,1341),
(
'M20','60','17.5','23',1,1342),
(
'M20','60','17.5','24',1,1343),
(
'M20','60','17.5','25',1,1344),
(
'M20','60','17.5','26',1,1345),
(
'M20','60','17.5','27',1,1346),
(
'M20','60','17.5','28',1,1347),
(
'M20','60','17.5','29',1,1348),
(
'M20','60','17.5','30',1,1349),
(
'M20','60','17.5','31',1,1350),
(
'M20','60','17.5','32',1,1351),
(
'M20','60','17.5','33',1,1352),
(
'M20','60','17.5','34',1,1353),
(
'M20','60','17.5','35',1,1354),
(
'M20','60','17.5','36',1,1355),
(
'M20','60','17.5','37',1,1356),
(
'M20','60','17.5','38',1,1357),
(
'M20','65','17.5','18',1,1358),
(
'M20','65','17.5','19',1,1359),
(
'M20','65','17.5','20',1,1360),
(
'M20','65','17.5','21',1,1361),
(
'M20','65','17.5','22',1,1362),
(
'M20','65','17.5','23',1,1363),
(
'M20','65','17.5','24',1,1364),
(
'M20','65','17.5','25',1,1365),
(
'M20','65','17.5','26',1,1366),
(
'M20','65','17.5','27',1,1367),
(
'M20','65','17.5','28',1,1368),
(
'M20','65','17.5','29',1,1369),
(
'M20','65','17.5','30',1,1370),
(
'M20','65','17.5','31',1,1371),
(
'M20','65','17.5','32',1,1372),
(
'M20','65','17.5','33',1,1373),
(
'M20','65','17.5','34',1,1374),
(
'M20','65','17.5','35',1,1375),
(
'M20','65','17.5','36',1,1376),
(
'M20','65','17.5','37',1,1377),
(
'M20','65','17.5','38',1,1378),
(
'M20','65','17.5','39',1,1379),
(
'M20','65','17.5','40',1,1380),
(
'M20','65','17.5','41',1,1381),
(
'M20','65','17.5','42',1,1382),
(
'M20','65','17.5','43',1,1383),
(
'M20','70','24','24',1,1384),
(
'M20','70','24','25',1,1385),
(
'M20','70','24','26',1,1386),
(
'M20','70','24','27',1,1387),
(
'M20','70','24','28',1,1388),
(
'M20','70','24','29',1,1389),
(
'M20','70','24','30',1,1390),
(
'M20','70','24','31',1,1391),
(
'M20','70','24','32',1,1392),
(
'M20','70','24','33',1,1393),
(
'M20','70','24','34',1,1394),
(
'M20','70','24','35',1,1395),
(
'M20','70','24','36',1,1396),
(
'M20','70','24','37',1,1397),
(
'M20','70','24','38',1,1398),
(
'M20','70','24','39',1,1399),
(
'M20','70','24','40',1,1400),
(
'M20','70','24','41',1,1401),
(
'M20','70','24','42',1,1402),
(
'M20','70','24','43',1,1403),
(
'M20','70','24','44',1,1404),
(
'M20','70','24','45',1,1405),
(
'M20','70','24','46',1,1406),
(
'M20','70','24','47',1,1407),
(
'M20','70','24','48',1,1408),
(
'M20','75','29','29',1,1409),
(
'M20','75','29','30',1,1410),
(
'M20','75','29','31',1,1411),
(
'M20','75','29','32',1,1412),
(
'M20','75','29','33',1,1413),
(
'M20','75','29','34',1,1414),
(
'M20','75','29','35',1,1415),
(
'M20','75','29','36',1,1416),
(
'M20','75','29','37',1,1417),
(
'M20','75','29','38',1,1418),
(
'M20','75','29','39',1,1419),
(
'M20','75','29','40',1,1420),
(
'M20','75','29','41',1,1421),
(
'M20','75','29','42',1,1422),
(
'M20','75','29','43',1,1423),
(
'M20','75','29','44',1,1424),
(
'M20','75','29','45',1,1425),
(
'M20','75','29','46',1,1426),
(
'M20','75','29','47',1,1427),
(
'M20','75','29','48',1,1428),
(
'M20','75','29','49',1,1429),
(
'M20','75','29','50',1,1430),
(
'M20','75','29','51',1,1431),
(
'M20','75','29','52',1,1432),
(
'M20','75','29','53',1,1433),
(
'M20','80','34','34',1,1434),
(
'M20','80','34','35',1,1435),
(
'M20','80','34','36',1,1436),
(
'M20','80','34','37',1,1437),
(
'M20','80','34','38',1,1438),
(
'M20','80','34','39',1,1439),
(
'M20','80','34','40',1,1440),
(
'M20','80','34','41',1,1441),
(
'M20','80','34','42',1,1442),
(
'M20','80','34','43',1,1443),
(
'M20','80','34','44',1,1444),
(
'M20','80','34','45',1,1445),
(
'M20','80','34','46',1,1446),
(
'M20','80','34','47',1,1447),
(
'M20','80','34','48',1,1448),
(
'M20','80','34','49',1,1449),
(
'M20','80','34','50',1,1450),
(
'M20','80','34','51',1,1451),
(
'M20','80','34','52',1,1452),
(
'M20','80','34','53',1,1453),
(
'M20','80','34','54',1,1454),
(
'M20','80','34','55',1,1455),
(
'M20','80','34','56',1,1456),
(
'M20','80','34','57',1,1457),
(
'M20','80','34','58',1,1458),
(
'M20','85','39','39',1,1459),
(
'M20','85','39','40',1,1460),
(
'M20','85','39','41',1,1461),
(
'M20','85','39','42',1,1462),
(
'M20','85','39','43',1,1463),
(
'M20','85','39','44',1,1464),
(
'M20','85','39','45',1,1465),
(
'M20','85','39','46',1,1466),
(
'M20','85','39','47',1,1467),
(
'M20','85','39','48',1,1468),
(
'M20','85','39','49',1,1469),
(
'M20','85','39','50',1,1470),
(
'M20','85','39','51',1,1471),
(
'M20','85','39','52',1,1472),
(
'M20','85','39','53',1,1473),
(
'M20','85','39','54',1,1474),
(
'M20','85','39','55',1,1475),
(
'M20','85','39','56',1,1476),
(
'M20','85','39','57',1,1477),
(
'M20','85','39','58',1,1478),
(
'M20','85','39','59',1,1479),
(
'M20','85','39','60',1,1480),
(
'M20','85','39','61',1,1481),
(
'M20','85','39','62',1,1482),
(
'M20','85','39','63',1,1483),
(
'M20','90','44','44',1,1484),
(
'M20','90','44','45',1,1485),
(
'M20','90','44','46',1,1486),
(
'M20','90','44','47',1,1487),
(
'M20','90','44','48',1,1488),
(
'M20','90','44','49',1,1489),
(
'M20','90','44','50',1,1490),
(
'M20','90','44','51',1,1491),
(
'M20','90','44','52',1,1492),
(
'M20','90','44','53',1,1493),
(
'M20','90','44','54',1,1494),
(
'M20','90','44','55',1,1495),
(
'M20','90','44','56',1,1496),
(
'M20','90','44','57',1,1497),
(
'M20','90','44','58',1,1498),
(
'M20','90','44','59',1,1499),
(
'M20','90','44','60',1,1500),
(
'M20','90','44','61',1,1501),
(
'M20','90','44','62',1,1502),
(
'M20','90','44','63',1,1503),
(
'M20','90','44','64',1,1504),
(
'M20','90','44','65',1,1505),
(
'M20','90','44','66',1,1506),
(
'M20','90','44','67',1,1507),
(
'M20','90','44','68',1,1508),
(
'M20','95','49','49',1,1509),
(
'M20','95','49','50',1,1510),
(
'M20','95','49','51',1,1511),
(
'M20','95','49','52',1,1512),
(
'M20','95','49','53',1,1513),
(
'M20','95','49','54',1,1514),
(
'M20','95','49','55',1,1515),
(
'M20','95','49','56',1,1516),
(
'M20','95','49','57',1,1517),
(
'M20','95','49','58',1,1518),
(
'M20','95','49','59',1,1519),
(
'M20','95','49','60',1,1520),
(
'M20','95','49','61',1,1521),
(
'M20','95','49','62',1,1522),
(
'M20','95','49','63',1,1523),
(
'M20','95','49','64',1,1524),
(
'M20','95','49','65',1,1525),
(
'M20','95','49','66',1,1526),
(
'M20','95','49','67',1,1527),
(
'M20','95','49','68',1,1528),
(
'M20','95','49','69',1,1529),
(
'M20','95','49','70',1,1530),
(
'M20','95','49','71',1,1531),
(
'M20','95','49','72',1,1532),
(
'M20','95','49','73',1,1533),
(
'M20','100','54','54',1,1534),
(
'M20','100','54','55',1,1535),
(
'M20','100','54','56',1,1536),
(
'M20','100','54','57',1,1537),
(
'M20','100','54','58',1,1538),
(
'M20','100','54','59',1,1539),
(
'M20','100','54','60',1,1540),
(
'M20','100','54','61',1,1541),
(
'M20','100','54','62',1,1542),
(
'M20','100','54','63',1,1543),
(
'M20','100','54','64',1,1544),
(
'M20','100','54','65',1,1545),
(
'M20','100','54','66',1,1546),
(
'M20','100','54','67',1,1547),
(
'M20','100','54','68',1,1548),
(
'M20','100','54','69',1,1549),
(
'M20','100','54','70',1,1550),
(
'M20','100','54','71',1,1551),
(
'M20','100','54','72',1,1552),
(
'M20','100','54','73',1,1553),
(
'M20','100','54','74',1,1554),
(
'M20','100','54','75',1,1555),
(
'M20','100','54','76',1,1556),
(
'M20','100','54','77',1,1557),
(
'M20','100','54','78',1,1558),
(
'M20','110','64','64',1,1559),
(
'M20','110','64','65',1,1560),
(
'M20','110','64','66',1,1561),
(
'M20','110','64','67',1,1562),
(
'M20','110','64','68',1,1563),
(
'M20','110','64','69',1,1564),
(
'M20','110','64','70',1,1565),
(
'M20','110','64','71',1,1566),
(
'M20','110','64','72',1,1567),
(
'M20','110','64','73',1,1568),
(
'M20','110','64','74',1,1569),
(
'M20','110','64','75',1,1570),
(
'M20','110','64','76',1,1571),
(
'M20','110','64','77',1,1572),
(
'M20','110','64','78',1,1573),
(
'M20','110','64','79',1,1574),
(
'M20','110','64','80',1,1575),
(
'M20','110','64','81',1,1576),
(
'M20','110','64','82',1,1577),
(
'M20','110','64','83',1,1578),
(
'M20','110','64','84',1,1579),
(
'M20','110','64','85',1,1580),
(
'M20','110','64','86',1,1581),
(
'M20','110','64','87',1,1582),
(
'M20','110','64','88',1,1583),
(
'M20','120','74','74',1,1584),
(
'M20','120','74','75',1,1585),
(
'M20','120','74','76',1,1586),
(
'M20','120','74','77',1,1587),
(
'M20','120','74','78',1,1588),
(
'M20','120','74','79',1,1589),
(
'M20','120','74','80',1,1590),
(
'M20','120','74','81',1,1591),
(
'M20','120','74','82',1,1592),
(
'M20','120','74','83',1,1593),
(
'M20','120','74','84',1,1594),
(
'M20','120','74','85',1,1595),
(
'M20','120','74','86',1,1596),
(
'M20','120','74','87',1,1597),
(
'M20','120','74','88',1,1598),
(
'M20','120','74','89',1,1599),
(
'M20','120','74','90',1,1600),
(
'M20','120','74','91',1,1601),
(
'M20','120','74','92',1,1602),
(
'M20','120','74','93',1,1603),
(
'M20','120','74','94',1,1604),
(
'M20','120','74','95',1,1605),
(
'M20','120','74','96',1,1606),
(
'M20','120','74','97',1,1607),
(
'M20','120','74','98',1,1608),
(
'M20','130','78','78',1,1609),
(
'M20','130','78','79',1,1610),
(
'M20','130','78','80',1,1611),
(
'M20','130','78','81',1,1612),
(
'M20','130','78','82',1,1613),
(
'M20','130','78','83',1,1614),
(
'M20','130','78','84',1,1615),
(
'M20','130','78','85',1,1616),
(
'M20','130','78','86',1,1617),
(
'M20','130','78','87',1,1618),
(
'M20','130','78','88',1,1619),
(
'M20','130','78','89',1,1620),
(
'M20','130','78','90',1,1621),
(
'M20','130','78','91',1,1622),
(
'M20','130','78','92',1,1623),
(
'M20','130','78','93',1,1624),
(
'M20','130','78','94',1,1625),
(
'M20','130','78','95',1,1626),
(
'M20','130','78','96',1,1627),
(
'M20','130','78','97',1,1628),
(
'M20','130','78','98',1,1629),
(
'M20','130','78','99',1,1630),
(
'M20','130','78','100',1,1631),
(
'M20','130','78','101',1,1632),
(
'M20','130','78','102',1,1633),
(
'M20','130','78','103',1,1634),
(
'M20','130','78','104',1,1635),
(
'M20','130','78','105',1,1636),
(
'M20','130','78','106',1,1637),
(
'M20','130','78','107',1,1638),
(
'M20','130','78','108',1,1639),
(
'M20','140','88','88',1,1640),
(
'M20','140','88','89',1,1641),
(
'M20','140','88','90',1,1642),
(
'M20','140','88','91',1,1643),
(
'M20','140','88','92',1,1644),
(
'M20','140','88','93',1,1645),
(
'M20','140','88','94',1,1646),
(
'M20','140','88','95',1,1647),
(
'M20','140','88','96',1,1648),
(
'M20','140','88','97',1,1649),
(
'M20','140','88','98',1,1650),
(
'M20','140','88','99',1,1651),
(
'M20','140','88','100',1,1652),
(
'M20','140','88','101',1,1653),
(
'M20','140','88','102',1,1654),
(
'M20','140','88','103',1,1655),
(
'M20','140','88','104',1,1656),
(
'M20','140','88','105',1,1657),
(
'M20','140','88','106',1,1658),
(
'M20','140','88','107',1,1659),
(
'M20','140','88','108',1,1660),
(
'M20','140','88','109',1,1661),
(
'M20','140','88','110',1,1662),
(
'M20','140','88','111',1,1663),
(
'M20','140','88','112',1,1664),
(
'M20','140','88','113',1,1665),
(
'M20','140','88','114',1,1666),
(
'M20','140','88','115',1,1667),
(
'M20','140','88','116',1,1668),
(
'M20','140','88','117',1,1669),
(
'M20','140','88','118',1,1670),
(
'M20','150','98','98',1,1671),
(
'M20','150','98','99',1,1672),
(
'M20','150','98','100',1,1673),
(
'M20','150','98','101',1,1674),
(
'M20','150','98','102',1,1675),
(
'M20','150','98','103',1,1676),
(
'M20','150','98','104',1,1677),
(
'M20','150','98','105',1,1678),
(
'M20','150','98','106',1,1679),
(
'M20','150','98','107',1,1680),
(
'M20','150','98','108',1,1681),
(
'M20','150','98','109',1,1682),
(
'M20','150','98','110',1,1683),
(
'M20','150','98','111',1,1684),
(
'M20','150','98','112',1,1685),
(
'M20','150','98','113',1,1686),
(
'M20','150','98','114',1,1687),
(
'M20','150','98','115',1,1688),
(
'M20','150','98','116',1,1689),
(
'M20','150','98','117',1,1690),
(
'M20','150','98','118',1,1691),
(
'M20','150','98','119',1,1692),
(
'M20','150','98','120',1,1693),
(
'M20','150','98','121',1,1694),
(
'M20','150','98','122',1,1695),
(
'M20','150','98','123',1,1696),
(
'M20','150','98','124',1,1697),
(
'M20','150','98','125',1,1698),
(
'M20','150','98','126',1,1699),
(
'M20','150','98','127',1,1700),
(
'M20','150','98','128',1,1701);
INSERT INTO GOST_DATA_BS_SET_CLIMATIC
(ClimType, "key", enabled, ClimDesc)
VALUES('У', 1, 1, NULL),
('Т', 2, 1, '-Т'),
('О', 3, 1, '-О'),
('М', 4, 1, '-М'),
('ХЛ', 5, 1, '-ХЛ');
INSERT INTO GOST_DATA_BS_SET_COVER
(CoverType, CoverKey, enabled)
VALUES('Горячее цинкование ГОСТ 9.307-89', 2, 1),
('Нормальное', 1, 1),
('Термодиффузионное EN 13811', 3, 1),
('Ламельное', 4, 1);
INSERT INTO GOST_DATA_BS_SET_COVERDESC
(CoverKey, CoverDesc, enabled, CoverDescForUser)
VALUES(1, '', 1, 'Отсутствует'),
(2, '-Гор.Ц40', 1, 'Гор.Ц40'),
(2, '-Гор.Ц60', 1, 'Гор.Ц60'),
(2, '-Гор.Ц80', 1, 'Гор.Ц80'),
(3, '-ТД STAKOKOR', 1, 'ТД STAKOKOR'),
(4, '-flZn - 240 ч.', 1, 'flZn - 240 ч.'),
(4, '-flZn - 480 ч.', 1, 'flZn - 480 ч.'),
(4, '-flZn - 720 ч.', 1, 'flZn - 720 ч.');
INSERT INTO GOST_DATA_BS_SET_DURAB
(StrClass, enabled, "key", StrClassForFilename)
VALUES('8.8|8', 1, 1, '8.8I8'),
('10.9|10', 1, 2, '10.9I10');
INSERT INTO GOST_TYPE_BS_SET
(ID, enabled, Protected, Name, Title, Filename, PartUnits, ConfigurationTable, DataTable, DataTableUnits, DataTableSortField, PartNumberID, OrderID, StackComponent, SWConst_Enum_Value, HoleDescriptionFormat, ValidHoleTypes, HasHoles, AltFilename, GlobalLengthPartNums, "key")
VALUES('GOST_BS_SET', 1, 0, 'High-strength structural bolting assemblies for preloading ', 'High-strength structural bolting assemblies for preloading 32484.3', 'GOST\Bolt sets\BS_SET_32484_3.sldprt', '', '+CFG_BS_SET_32484_3', '+DATA_BS_SET_32484_3', '', 'CDBL(Bd)', 'BS_SET_32484_3', 0, 0, 1500, '0', 0, 1, '', 0, 1);
INSERT INTO GOST_Categories (Name,enabled,Protected,TypeID,OrderID,HasStackComponents,IsToolbox,HasHoles) 
VALUES ('Bolt sets',1,0,'GOST_TYPE_BS_SET',0,0,1,1);
INSERT INTO GOST_Types(CategoryID, enabled, Protected, Name, ID, OrderID, HasStackComponents, HasHoles, IsToolbox)
VALUES('GOST_TYPE_BS_SET', 1, 0, 'HR System', 'GOST_BS_SET', 0, 0, 0, 0);
INSERT INTO GOST_DATA_BS_SET_32484_3
( "Size", Bdk, Bk, Bs, Bdw, Bd, Nm, Ns, Ndw, CBORE_DIA, CBORE_DEPTH, enabled, "key")
VALUES( 'M12', '10.8','7.5', '22', '20.1', '12', '10.8', '22', '20.1', '26', '1', 1, 1),
( 'M14', '12.7','8.8', '24', '22', '14', '12.8', '24', '21.86', '30', '1', 1, 2),
( 'M16', '14.7','10', '27', '24.9', '16', '14.8', '27', '24.9', '33', '1', 1, 3),
( 'M18', '16.4','11.5', '30', '27.7', '18', '15.8', '30', '27.7', '36', '1', 1, 4),
( 'M20', '18.4','12.5', '32', '29.5', '20', '18', '32', '29.5', '40', '1', 1, 5);
